Track Order / Number,Track Title,Track Description,Event Day Name,Track Hashtag,Track Color 
1,Panel Discussion 1,,Day 1,,#f19b3d
2,Abstract Concurrent Session 1,,Day 1,,#6b3690
3,Networking Event,,Day 1,,#004a8c
4,Presidential Welcome,,Day 1,,#48b359
5,Plenary Session 1,,Day 1,,#8e191b
6,Abstract Concurrent Session 2,,Day 1,,#6b3690
7,Virtual Poster Session 1,,Day 1,,#130111
,,,,,
8,Abstract Concurrent Session 3,,Day 2,,#6b3690
9,Panel Session 2,,Day 2,,#f19b3d
10,Student Event,,Day 2,,#000000
11,Plenary Session 2,,Day 2,,#8e191b
12,Hot Topics Session,,Day 2,,#141414
13,Abstract Concurrent Session 4,,Day 2,,#6b3690
14,Virtual Poster Session ,,Day 2,,#130111
,,,,,
15,Award Winner Presentations,,Day 3,,#121112
16,Panel Session 3,,Day 3,,#f19b3d
17,Networking Event,,Day 3,,#004a8c
18,Plenary Session 3,,Day 3,,#8e191b
19,Hot Topics Session,,Day 3,,#0b040a